Description,Old Price,Current Price,Link
"Prudence Bésame Mucho, 3 funciones, Succionador, Vibrador y Lengua, Caja con 1 pieza, 1 condón y 1 Sobre de lubricante íntimo 5ml","","1059.00","https://www.fahorro.com/prudence-besame-mucho-3-funciones-succionador-vibrador-y-lengua-caja-con-1-pieza-1-condon-y-1-sobre-de-lubricante-intimo-5ml.html"
"Condon M Texturizado Cosquilludo 3 Preservativos","","80.00","https://www.fahorro.com/condon-m-texturizado-cosquilludo-3-preservativos.html"
"Condon M Retard Infinito 3 Preservativos","","87.00","https://www.fahorro.com/condon-m-retard-infinito-3-preservativos.html"
"Condon M Bi-Orgasmo M Force &amp; Multi-O 3 Preservativos","","88.00","https://www.fahorro.com/condon-m-bi-orgasmo-m-force-multi-o-3-preservativos.html"
"Condon M Ultra Sensible Cuerpo a Cuerpo 3 Preservativos","","87.00","https://www.fahorro.com/condon-m-ultra-sensible-cuerpo-a-cuerpo-3-preservativos.html"
"Sico Play Texturizado Condón de látex cartera 3 piezas","","56.00","https://www.fahorro.com/sico-play-texturizado-condon-de-latex-cartera-3-piezas.html"
"Condon M Natural Placer Natural 3 Preservativos","","77.00","https://www.fahorro.com/condon-m-natural-placer-natural-3-preservativos.html"
"Sico Piel con Piel Condones sin Látex Cartera con 9 pz","","251.00","https://www.fahorro.com/sico-piel-con-piel-condones-sin-latex-cartera-con-9-pz.html"
"Sico Invisible Ultra Sense Condones de hule látex natural cartera con 9 pz","","209.00","https://www.fahorro.com/sico-invisible-ultra-sense-condones-de-hule-latex-natural-cartera-con-9-piezas.html"
"Sico Sensitive Condones Delgados de hule látex natural cartera con 3 piezas","","84.00","https://www.fahorro.com/sico-sensitive-condones-delgados-de-hule-latex-natural-cartera-con-3-piezas.html"
"Condones Sico Play de Látex Sabor Chocolate Más Textura 3 Piezas","","54.00","https://www.fahorro.com/condones-sico-play-de-latex-sabor-chocolate-mas-textura-3-piezas.html"
"Sico Clímax Mutuo Condones Retardantes de hule látex natural cartera con 3 piezas","","108.00","https://www.fahorro.com/sico-climax-mutuo-condones-retardantes-de-hule-latex-natural-cartera-con-3-piezas.html"
"Sico Play Texturizado Sabor Fresa Condón de látex 3 piezas","","56.00","https://www.fahorro.com/sico-play-texturizado-sabor-fresa-condon-de-latex-3-piezas.html"
"Sico Play Mix Texturizado y de Sabores Mixtos Condón de látex 5 piezas","","92.00","https://www.fahorro.com/sico-play-mix-texturizado-y-de-sabores-mixtos-condon-de-latex-5-piezas.html"
"Prudence Clasico Condones con 20 pz","","186.00","https://www.fahorro.com/prudence-clasico-con-20-pz.html"
"Sico Safety Condones de hule látex natural cartera con 9 piezas","","209.00","https://www.fahorro.com/sico-safety-condones-de-hule-latex-natural-cartera-con-3-piezas.html"
"Sico Safety Condones de hule látex natural cartera con 3 piezas","","80.00","https://www.fahorro.com/sico-safety-condones-de-hule-latex-natural-cartera-con-9-piezas.html"
"Sico Invisible Ultra Sense Condones de hule látex natural cartera con 3 piezas","","100.00","https://www.fahorro.com/sico-invisible-ultra-sense-condones-de-hule-latex-natural-cartera-con-3-piezas.html"
"Sico Sensitive Condones Delgados de hule látex natural cartera con 9 piezas","","219.00","https://www.fahorro.com/sico-sensitive-condones-delgados-de-hule-latex-natural-cartera-con-9-piezas.html"
"Sico Clímax Mutuo Condones Retardantes de hule látex natural cartera con 9 piezas","","273.00","https://www.fahorro.com/sico-climax-mutuo-condones-retardantes-de-hule-latex-natural-cartera-con-9-piezas.html"
"Anillo Vibrador Prudence Terremoto","","160.00","https://www.fahorro.com/anillo-vibrador-prudence-terremoto.html"
"Sico Anillo Placer Intenso con poder vibrador 1 pieza","","257.00","https://www.fahorro.com/sico-anillo-placer-intenso-con-poder-vibrador-1-pieza.html"
"Preservativo Play Boy Texturizado 3 pz","","61.00","https://www.fahorro.com/preservativo-play-boy-texturizado-3-pz.html"
"Preservativo Play Boy Extra Sensible 3 pz","","62.00","https://www.fahorro.com/preservativo-play-boy-extra-sensible-3-pz.html"
"Preservativos Playboy Play Pack con 3 pz","","59.00","https://www.fahorro.com/preservativos-playboy-play-pack-con-3-pz.html"
"Preservativo Play Boy Mix-Play 10 pz","","168.50","https://www.fahorro.com/preservativo-play-boy-mix-play-10-pz.html"
"Preservativos Trust Clásico con 3 pz","","42.00","https://www.fahorro.com/preservativos-trust-clasico-con-3-pz.html"
"Preservativo Prudence Mix 20 pz","","224.00","https://www.fahorro.com/preservativo-prudence-mix-20-pz.html"
"Preservativo Prudence Mix 10 pz","","120.00","https://www.fahorro.com/preservativo-prudence-mix-10-pz.html"
"Condón Prudence Chicle &quot;Vete a La Versh&quot;","","66.00","https://www.fahorro.com/condon-prudence-chicle-vete-a-la-versh.html"
"Preservativo Prudence Aroma Fresa 3 pz","","59.00","https://www.fahorro.com/preservativo-prudence-aroma-fresa-3-pz.html"
"24 Condones Texturizados de Latex","","238.00","https://www.fahorro.com/24-condones-texturizados-de-latex.html"
"Condones Sin Látex Sico Piel con Piel, 3 pz","","114.00","https://www.fahorro.com/condones-sin-latex-sico-piel-con-piel-3-pz.html"
"Preservativo Trojan Fire-Ice 3 Contenido","","89.00","https://www.fahorro.com/preservativo-trojan-fire-ice-3-contenido.html"
"Preservativo Trojan Piel Desnuda Puntos de Placer 9","","224.00","https://www.fahorro.com/preservativo-trojan-piel-desnuda-puntos-de-placer-9.html"
"Preservativo Trust Fresa 3 pz","","35.00","https://www.fahorro.com/preservativo-trust-fresa-3-pz.html"
"Preservativo Trojan Texturizado Ecstasy 2 pz","","89.00","https://www.fahorro.com/preservativo-trojan-texturizado-ecstasy-2-pz.html"
"Preservativo Trojan Piel Desnuda Puntos de Placer 3","","89.00","https://www.fahorro.com/preservativo-trojan-piel-desnuda-puntos-de-placer-3.html"
"Preservativo Prudence Clásico 1 Pieza","","11.00","https://www.fahorro.com/preservativo-prudence-clasico-1-pieza.html"
"Preservativo Trust Retardante 3 pz","","35.00","https://www.fahorro.com/preservativo-trust-retardante-3-pz.html"
"Preservativo Trust Natural 3 pz","","35.00","https://www.fahorro.com/preservativo-trust-natural-3-pz.html"
"Preservativo Trojan Piel Desnuda 9 pz","","224.00","https://www.fahorro.com/preservativo-trojan-piel-desnuda-9-pz.html"
"Preservativo Trust Sensitivo 3 pz","","35.00","https://www.fahorro.com/preservativo-trust-sensitivo-3-pz.html"
"Preservativo Prudence Vitrolero Clásico con 100 pz","","746.00","https://www.fahorro.com/preservativo-prudence-vitrolero-clasico-con-100-pz.html"
"Prudence Mutual Sensation 3 pz","","69.00","https://www.fahorro.com/prudence-mutual-sensation-3-pz.html"
"Prudence Uniq Sin Latex 3 pz","","119.50","https://www.fahorro.com/prudence-uniq-sin-latex-3-pz.html"
"Osidea 100 mg 4 tabletas 2X1 Pack","","161.00","https://www.fahorro.com/osidea-100-mg-4-tabletas-2x1-pack.html"
"Osidea 100 mg 8 tabletas 2X1 Pack","","284.00","https://www.fahorro.com/osidea-100-mg-8-tabletas-2x1-pack.html"
"Osidea Gl 100 mg /5 g 1 Sobre Gel 2X1 Pack","","82.00","https://www.fahorro.com/osidea-gl-100-mg-5-g-1-sobre-gel-2x1-pack.html"
"Osidea Gl 100 mg /5 g 4 sobres Gel 2X1 Pack","","258.00","https://www.fahorro.com/osidea-gl-100-mg-5-g-4-sobres-gel-2x1-pack.html"
"Lubricante Comestible Prudence Uva 75 ml","","97.00","https://www.fahorro.com/lubricante-comestible-prudence-uva-75-ml.html"
"Prudence Clasico 3 pz","","54.00","https://www.fahorro.com/prudence-clasico-3-pz.html"
"Prudence Extra Time con 3 pz","","64.00","https://www.fahorro.com/prudence-extra-time-con-3-pz.html"
"Prudence Mix con 5 pz","","72.00","https://www.fahorro.com/prudence-mix-con-5-pz.html"
"Prudence Caribbean con 5 pz","","74.00","https://www.fahorro.com/prudence-caribbean-con-5-pz.html"
"Prudence Full Sensitive con 3 pz","","64.00","https://www.fahorro.com/prudence-full-sensitive-con-3-pz.html"
"Prudence Amor Chiquito Bala Vibradora, Portátil y Discreto, Recargable, resistente al agua, con 10 velocidades, Caja con 1 pieza","","333.00","https://www.fahorro.com/prudence-amor-chiquito-bala-vibradora-portatil-y-discreto-recargable-resistente-al-agua-con-10-velocidades-caja-con-1-pieza.html"
"Presevativos Fullsen Ultrasensibilidad 3 pz","","66.00","https://www.fahorro.com/presevativos-fullsen-ultrasensibilidad-3-pz.html"
"Prudence Zero, Ultra Sensitivo, Caja con 10","","184.00","https://www.fahorro.com/prudence-zero-ultra-sentitivo-caja-con-10.html"
"Presevativos Fullsen Texturizado 3 pz","","55.50","https://www.fahorro.com/presevativos-fullsen-texturizado-3-pz.html"
"Prudence Zero, Ultra Sentitivo, Caja con 3","","74.00","https://www.fahorro.com/prudence-zero-ultra-sentitivo-caja-con-3.html"
"Trojan Piel Desnuda 3 pz","","89.00","https://www.fahorro.com/trojan-piel-desnuda-3-pz.html"
"Trojan Clásico 3 pz","","77.00","https://www.fahorro.com/trojan-clasico-3-pz.html"
"Sico Naturals Lubricante Íntimo 100 ml","","249.00","https://www.fahorro.com/sico-naturals-lubricante-intimo-100-ml.html"
"Lubricante a Base de Agua Prudence Natural 75 ml","","97.00","https://www.fahorro.com/lubricante-a-base-de-agua-prudence-natural-75-ml.html"
"Woman ISDIN Hidratante Vaginal con 12 Monodosis","Precio habitual  584.00","Precio especial  496.40","https://www.fahorro.com/woman-isdin-hidratante-vaginal-con-12-monodosis.html"
"Woman ISDIN Hidratante Vulvar 30 g","Precio habitual  278.00","Precio especial  236.30","https://www.fahorro.com/woman-isdin-hidratante-vulvar-30-g.html"
"K-Y Gel Lubricante Íntimo Envase 100 gr","","247.00","https://www.fahorro.com/k-y-gel-lubricante-intimo-envase-100-gr.html"
"K-Y Gel Lubricante Íntimo Envase 50 gr","","140.00","https://www.fahorro.com/k-y-gel-lubricante-intimo-envase-50-gr.html"
"Sico Softlube Original Lubricante Íntimo envase 56.7 gr","","106.00","https://www.fahorro.com/sico-softlube-original-lubricante-intimo-envase-56-7-gr.html"
"Sico Lubricante Íntimo Sensación de Calor 50 ml","","132.00","https://www.fahorro.com/sico-lubricante-intimo-sensacion-de-calor-50-ml.html"
"Sico Softlube Pleasure Plus Lubricante Íntimo Envase 56.7 gr","","122.00","https://www.fahorro.com/sico-softlube-pleasure-plus-lubricante-intimo-envase-56-7-gr.html"
"Postday 0.75 mg 2 Comprimidos","","89.00","https://www.fahorro.com/postday-0-75-mg-2-comprimidos.html"
"Postday 1.5 mg 1 Comprimido","","120.00","https://www.fahorro.com/postday-1-5-mg-1-comprimido.html"
"Sico, Lubricante Íntimo Sabor Cereza, 50 ml","","131.00","https://www.fahorro.com/sico-lubricante-intimo-sabor-cereza-50-ml.html"
